{
  "project_info": {
    "project_number": "1009175732045",
    "firebase_url": "https://fir-lab-f312a-default-rtdb.firebaseio.com",
    "project_id": "fir-lab-f312a",
    "storage_bucket": "fir-lab-f312a.appspot.com"
  },
  "client": [
    {
      "client_info": {
        "mobilesdk_app_id": "1:1009175732045:android:f7e624cdfa72c7e6e06104",
        "android_client_info": {
          "package_name": "com.example.firebase"
        }
      },
      "oauth_client": [],
      "api_key": [
        {
          "current_key": "AIzaSyA0YOxhAY60TykseFv-Fmfpwo1TLGplopE"
        }
      ],
      "services": {
        "appinvite_service": {
          "other_platform_oauth_client": []
        }
      }
    },
    {
      "client_info": {
        "mobilesdk_app_id": "1:1009175732045:android:4cea1171f48e51f6e06104",
        "android_client_info": {
          "package_name": "com.example.firebasegauravg"
        }
      },
      "oauth_client": [],
      "api_key": [
        {
          "current_key": "AIzaSyA0YOxhAY60TykseFv-Fmfpwo1TLGplopE"
        }
      ],
      "services": {
        "appinvite_service": {
          "other_platform_oauth_client": []
        }
      }
    }
  ],
  "configuration_version": "1"
}